{"pitch": [-2.917079304729923, 11.39125453698578, 207.6309860026589, 46.77559025099003], "energy": [-1.431044578552246, 8.184337615966797, 37.32621679053761, 26.0441807828358]}
